names,values
R,0.731049345
Python,0.286455154418945
Cpp,0.004678
Rcpp,0.004600891
Cython,0.00352001190185547
MATLAB,0.00026464
