names,values
R,0.364406235
Python,0.895648956298828
Cpp,0.023217
Rcpp,0.022924476
Cython,0.0102870464324951
MATLAB,0.01033727
