names,values
R,0.056284498
Python,0.0446069240570068
Cpp,0.005153
Rcpp,0
Cython,0.00522184371948242
MATLAB,0.0105959
