names,values
R,0.737413668
Python,0.296298027038574
Cpp,0.004438
Rcpp,0.004611832
Cython,0.00342917442321777
MATLAB,0.00027029
