names,values
R,0.368599163
Python,0.910492181777954
Cpp,0.02294
Rcpp,0.022929638
Cython,0.0101990699768066
MATLAB,0.01031835
