names,values
R,0.056325134
Python,0.0450649261474609
Cpp,0.005135
Rcpp,0
Cython,0.00514411926269531
MATLAB,0.01035258
